<?xml version="1.0" encoding="UTF-8" ?>

<!DOCTYPE struts PUBLIC
        "-//Apache Software Foundation//DTD Struts Configuration 2.0//EN"
        "http://struts.apache.org/dtds/struts-2.0.dtd">

<struts>

    <package name="shop" namespace="/shop" extends="struts-default">
        <action name="category" class="net.gjashop.actions.ShoppingAction" method="showCategory">
            <result>/shop/Shopping.jsp</result>
        </action>
        <action name="cartDetail" class="net.gjashop.actions.ShoppingAction"  method="cartDetail">
            <result name="success">/shop/Cart.jsp</result>
        </action>
        <action name="showCart" class="net.gjashop.actions.ShoppingAction" method="showCart">
            <result name="success">/shop/Shopping.jsp</result>
        </action>
        <action name="addToCart" class="net.gjashop.actions.ShoppingAction" method="addToCart">
            <result>/shop/Shopping.jsp</result>
        </action>
        <action name="evaluateProduct" class="net.gjashop.actions.ShoppingAction" method="evaluateProduct">
            <result>/shop/Shopping.jsp</result>
        </action>
        <action name="productFilter" class="net.gjashop.actions.ShoppingAction" method="productFilter">
            <result>/shop/Filter.jsp</result>
        </action>
        <action name="doFilter" class="net.gjashop.actions.ShoppingAction" method="doFilter">
            <result>/shop/Shopping.jsp</result>
        </action>
        <action name="updateInCart" class="net.gjashop.actions.ShoppingAction" method="updateInCart">
            <result>/shop/Shopping.jsp</result>
        </action>
        <action name="removeFromCart" class="net.gjashop.actions.ShoppingAction" method="removeFromCart">
            <result>/shop/Shopping.jsp</result>
        </action>
        <action name="eraseCart" class="net.gjashop.actions.ShoppingAction" method="eraseCart">
            <result>/shop/Shopping.jsp</result>
        </action>
        <action name="loadCategory" class="net.gjashop.actions.ShoppingAction" method="showCategory">
            <result name="success">/shop/Categories.jsp</result>
        </action>
        <action name="productDetail" class="net.gjashop.actions.ShoppingAction"  method="productDetail">
            <result name="success">/shop/productDetail.jsp</result>
        </action>     
        <action name="loadProductsTable" class="net.gjashop.actions.ShoppingAction"  method="loadProductsTable">
            <result name="success">/shop/ProductsTable.jsp</result>
        </action>
        <action name="product" class="net.gjashop.actions.ShoppingAction">
            <result name="success">/shop/Shopping.jsp</result>
        </action>
        <action name="loadCardData" class="net.gjashop.actions.ShoppingAction" method="loadCreditCardData">
            <result name="success">/shop/ThankForPaiment.jsp</result>
        </action>
        <action name="cardPaiment" class="net.gjashop.actions.ShoppingAction">
            <result name="success">/shop/CardPaiment.jsp</result>
        </action>
        <action name="header" class="net.gjashop.actions.ShoppingAction" method="loadCreditCardData">
            <result> /shop/Header.jsp</result>
        </action>
        <action name="footer" class="net.gjashop.actions.ShoppingAction" method="loadCreditCardData">
            <result> /shop/Footer.jsp</result>
        </action>
        <action name="index" class="net.gjashop.actions.ShoppingAction">
            <result>/shop/Shopping.jsp</result>
        </action>
        <action name="showBill" class="net.gjashop.actions.ShoppingAction">
            <result>/shop/Bill.jsp</result>
        </action>
        
        <action name="showCreateOrder" class="net.gjashop.actions.ShoppingAction" method="showCreateOrder">
            <result name="success">/shop/Order.jsp</result>
            <result name="needLogin">/user/Login.jsp</result>
        </action>
        <action name="createOrder"
                class="net.gjashop.actions.ShoppingAction"
                method="createOrder">
            <result name="success">/shop/ThankForPaiment.jsp</result>
            <result name="input">/shop/Order.jsp</result>
            <result name="cardPayment">/shop/CardPaiment.jsp</result>
            <result name="emptyCart">/shop/Shopping.jsp</result>
        </action>
        
    </package>
</struts>

