<?xml version="1.0" encoding="UTF-8"?>

<!DOCTYPE struts PUBLIC
        "-//Apache Software Foundation//DTD Struts Configuration 2.0//EN"
        "http://struts.apache.org/dtds/struts-2.0.dtd">

<struts>
    
    <constant name="struts.enable.DynamicMethodInvocation"
        value="false" />
    <constant name="struts.devMode" value="false" />
  
    
    <package name="net.gjashop.actions" extends="struts-default" namespace="/example" >
         <action name="add"
            class="net.gjashop.actions.SignAction" method="add">
            <result name="success" type="chain">index</result>
            <result name="input" type="chain">index</result>
        </action>
 
        <action name="delete"
            class="net.gjashop.actions.SignAction" method="delete">
            <result name="success" type="chain">index</result>
        </action>
 
        <action name="index"
            class="net.gjashop.actions.SignAction">
            <result name="success">SignManager.jsp</result>
        </action>
        
        
    </package>

</struts>