<!DOCTYPE struts PUBLIC
"-//Apache Software Foundation//DTD Struts Configuration 2.0//EN"
"http://struts.apache.org/dtds/struts-2.0.dtd">

<struts>
    <include file="shop.xml"/>
    <include file="user.xml"/>
    <include file="example.xml"/>
    <include file="SignManager.xml"/>
    <!-- Configuration for the default package. -->
    <package name="default" namespace="/" extends="struts-default">
        <action name="ajax" class="net.gjashop.actions.ShoppingAction">
            <result>/shop/Categories.jsp</result>
        </action>
    </package>
</struts>
