<?xml version="1.0" encoding="UTF-8" ?>

<!DOCTYPE struts PUBLIC
        "-//Apache Software Foundation//DTD Struts Configuration 2.0//EN"
        "http://struts.apache.org/dtds/struts-2.0.dtd">

<struts>
    <package name="user" namespace="/user" extends="struts-default">
        <action name="showLogin" class="net.gjashop.actions.UserAction"  >
            <result>/user/Login.jsp</result>
        </action>
        <action name="logout" class="net.gjashop.actions.UserAction"  method="logout">
            <result>/shop/Shopping.jsp</result>
        </action>
        <action name="showProfile" class="net.gjashop.actions.UserAction">
            <result>/user/Profile.jsp</result>
        </action>
        <action name="doLogin" class="net.gjashop.actions.UserAction" method="doLogin">
            <result name="input">/user/Login.jsp</result>
            <result name="error">/user/Login.jsp</result>
            <result name="success">/shop/Shopping.jsp</result>
        </action>
        <action name="showLostPassword" class="net.gjashop.actions.UserAction">
            <result>/user/LostPassword.jsp</result>
        </action>
        <action name="showRegistration" class="net.gjashop.actions.UserAction">
            <result>/user/Registration.jsp</result>
        </action>
        <action name="createUser" class="net.gjashop.actions.UserAction" method="createUser">
            <result name="success">/shop/Shopping.jsp</result>
            <result name="input">/user/Registration.jsp</result>
        </action>       
        
     <!--   <action name="addUserAdress"
                class="net.gjashop.actions.UserAction"
                method="addUserAddress">
            
        </action>
        <action name="deleteUserAddress" 
                class="net.gjashop.actions.UserAction"
                method="deleteUserAddress">>
            
        </action> -->
    </package>
</struts>

